,mean,std
ModelParameterRadomisation,0.9996386233522405,0.00013778770720482682
MaxSensitivity,0.4137672632932663,0.05608828180228153
Relative Output Stability,635594.689203384,575033.7362390361
Monotonicity,0.02,0.0
Faithfulness,0.5145211097188761,0.39459364912961875
LocalLipschitzEstimate,0.8556069403543215,0.12103113828159456
Sparsity,0.8733829726089091,0.04336945118615623
Complexity,1.4204090644678546,0.34741446185938435
