,mean,std
ModelParameterRadomisation,0.9996341279600172,0.00010314931669510434
MaxSensitivity,0.3352823406457901,0.018337219911871795
Relative Output Stability,663845.5093406087,697761.2219964385
Monotonicity,0.02,0.0
Faithfulness,0.7371403163012209,0.25951508804704243
LocalLipschitzEstimate,0.6467194738019042,0.04918537169383352
Sparsity,0.8809330507902182,0.041071789652126225
Complexity,1.3758242562168064,0.3315941245319266
