,mean,std
Sparsity,0.8733829726089091,0.04336945118615623
Complexity,1.4204090644678546,0.34741446185938435
Faithfulness,0.5145211099359983,0.3945936478453372
Monotonicity,0.02,0.0
MaxSensitivity,0.4185333289206028,0.06144509070003873
LocalLipschitzEstimate,0.837530003010585,0.13063895248993584
Relative Output Stability,12.99452317396136,1.124662655349122
ModelParameterRadomisation,0.9996386233522405,0.00013778770720482682
