,mean,std
Sparsity,0.8781444949528562,0.040734182893239185
Complexity,1.368576809279568,0.3298333636654634
Faithfulness,0.666560352170616,0.3030846903950327
Monotonicity,0.02,0.0
MaxSensitivity,0.34345706179738045,0.03885776600212612
LocalLipschitzEstimate,0.669617925599848,0.08775456091277586
Relative Output Stability,12.660275180604012,0.7332675389003807
ModelParameterRadomisation,0.9996201129136754,0.00010408425930650841
