,mean,std
Sparsity,0.8733829726089091,0.04336945118615623
Complexity,1.4204090644678546,0.34741446185938435
Faithfulness,0.5145211099359983,0.3945936478453372
Monotonicity,0.02,0.0
MaxSensitivity,0.4263207358973367,0.048148404430346306
LocalLipschitzEstimate,0.8236885228341888,0.12171774764571365
Relative Output Stability,13.037507426261879,1.0192903561275202
ModelParameterRadomisation,0.9996386233522405,0.00013778770720482682
